Store_ID,Size_1,Size_2,Size_3,Size_4,Size_5,Size_6
1,0,0,4,1,3,9
2,0,11,10,2,3,0
3,0,0,2,8,10,0
4,3,7,6,5,7,0
5,0,0,1,4,9,0
6,0,0,0,3,1,12
7,0,0,0,1,5,4
8,0,4,2,15,9,2
9,4,4,6,5,3,0
10,0,0,1,2,4,7
11,0,1,1,3,2,4
12,2,8,13,5,0,0
13,0,0,10,8,1,3
14,0,0,2,0,4,8
15,0,0,0,1,12,10
16,4,1,4,0,1,0
17,0,0,0,2,4,0
18,0,1,1,2,10,4
19,0,2,7,7,5,1
20,7,4,3,1,0,0
21,0,0,0,0,10,10
22,5,7,7,0,0,0
23,0,5,0,2,0,0
24,0,1,8,7,3,4
25,0,0,1,3,10,2
26,0,0,0,3,7,10
27,0,0,3,4,3,0
28,0,0,2,4,6,15
29,0,0,1,2,0,11
30,0,0,0,1,0,5
31,0,1,9,10,3,0
32,1,0,2,4,3,0
33,3,0,1,0,0,0
34,6,9,4,0,1,0
35,0,3,13,5,3,2
36,4,9,4,5,0,0
37,5,4,11,1,2,0
38,0,0,0,0,0,7
39,0,0,2,8,13,5
40,0,4,5,7,2,3
41,0,0,0,0,6,9
42,0,0,0,2,6,6
43,7,11,0,0,2,0
44,2,10,11,2,0,0
45,2,2,0,1,2,0
46,2,5,5,7,7,2
47,0,0,0,8,7,1
48,0,1,5,6,5,2
49,0,0,6,7,4,8
50,1,1,0,0,0,0
51,3,5,7,17,6,2
52,0,0,1,6,8,12
53,0,1,13,14,9,1
54,0,0,0,1,5,17
55,0,1,6,8,1,1
56,0,6,11,12,1,2
57,0,0,2,5,1,0
58,0,0,0,0,7,2
59,2,2,1,0,0,0
60,0,0,4,5,11,5
61,0,0,0,0,0,5
62,1,2,2,0,0,0
63,0,0,2,2,17,13
64,1,0,4,3,2,0
65,3,0,3,1,0,0
66,1,7,2,0,1,0
67,1,1,0,3,1,0
68,0,0,5,4,5,3
69,0,0,1,4,7,9
70,0,0,1,9,2,20
71,2,0,6,0,3,0
72,4,1,1,2,0,0
73,0,0,0,2,7,7
74,3,10,3,3,0,0
75,9,4,3,3,1,0
76,0,2,8,0,3,3
77,6,5,5,4,0,0
78,0,0,1,4,6,7
79,0,0,1,8,5,6
80,0,1,0,6,7,3
81,0,0,0,1,1,20
82,0,2,2,6,4,0
83,2,10,9,9,4,1
84,0,0,0,1,1,5
85,0,0,1,4,9,5
86,1,0,4,8,5,0
87,8,12,10,2,1,0
88,2,3,3,3,2,0
89,0,5,8,7,0,0
90,0,2,3,9,11,2
91,4,8,0,0,0,0
92,0,5,0,2,3,0
93,7,7,7,2,0,0
94,0,0,3,6,7,0
95,14,4,6,0,0,0
96,0,0,0,2,0,9
97,0,0,0,0,14,10
98,0,14,6,0,0,0
99,3,4,5,2,0,0
100,0,0,0,7,1,3
101,0,0,6,4,1,0
102,5,9,2,0,0,0
103,5,4,5,6,1,0
104,0,0,4,6,6,1
105,10,8,8,0,0,1
106,0,0,0,1,3,8
107,0,0,0,4,11,8
108,5,11,9,5,2,0
109,2,1,2,3,0,0
110,6,6,6,0,0,0
111,0,0,0,0,6,0
112,0,1,1,1,0,0
113,0,11,8,5,3,0
114,0,0,6,5,12,0
115,0,0,1,2,4,4
116,0,0,1,4,2,12
117,1,8,8,2,1,0
118,0,0,1,2,0,2
119,0,0,0,5,7,18
120,0,0,2,4,12,7
121,10,8,8,0,2,0
122,0,0,0,6,10,7
123,1,8,9,0,1,1
124,0,0,2,2,2,8
125,0,0,2,2,6,5
126,8,4,8,3,3,0
127,0,1,0,2,10,7
128,0,0,3,10,10,5
129,2,3,3,7,0,0
130,0,10,2,8,0,0
131,2,7,3,4,0,0
132,0,0,3,2,4,3
133,0,0,0,1,12,10
134,0,0,1,6,6,11
135,1,4,12,1,0,1
136,1,1,4,3,1,0
137,2,5,2,3,0,0
138,0,3,4,5,2,2
139,0,1,6,8,1,0
140,1,6,0,10,12,3
141,6,9,10,4,0,0
142,0,0,3,2,1,5
143,0,0,3,5,8,1
144,2,5,7,0,1,0
145,0,0,0,0,5,4
146,0,0,2,0,5,3
147,0,5,2,3,1,0
148,0,0,1,2,5,11
149,0,0,0,0,3,2
150,0,0,0,3,8,2
151,1,1,1,15,8,8
152,4,1,0,4,0,0
153,0,0,1,5,7,4
154,0,0,1,2,5,9
155,3,3,6,2,4,2
156,0,4,0,5,0,0
157,0,0,3,4,9,3
158,4,4,2,3,0,0
159,0,0,0,4,3,0
160,0,0,7,13,1,4
161,0,0,0,3,14,5
162,9,13,2,0,0,0
163,0,0,0,7,6,6
164,0,0,3,5,3,6
165,0,0,1,6,4,4
166,0,0,0,10,6,6
167,7,2,3,0,0,0
168,0,0,4,5,3,1
169,0,1,0,5,7,5
170,0,1,3,3,4,3
171,2,4,3,4,0,0
172,0,0,0,0,2,2
173,0,2,7,7,2,1
174,0,0,1,11,2,2
175,0,0,3,7,14,4
176,0,0,0,2,0,2
177,1,16,0,8,0,0
178,0,0,3,8,4,2
179,4,10,13,3,1,0
180,1,5,0,2,0,0
181,0,0,2,2,8,6
182,0,3,1,6,2,0
183,1,3,4,8,2,0
184,9,5,9,0,0,0
185,0,0,1,5,1,0
186,0,0,3,2,0,2
187,0,8,4,2,6,4
188,0,0,7,3,6,0
189,0,0,1,4,1,1
190,0,0,3,0,0,2
191,0,0,0,0,6,3
192,0,0,1,3,9,8
193,0,0,0,0,8,10
194,1,2,3,2,0,0
195,0,0,0,3,13,9
196,0,3,5,3,0,4
197,0,0,1,4,6,11
198,0,5,7,13,12,3
199,0,0,11,3,7,1
200,0,2,6,7,3,2
201,0,1,2,5,2,9
202,0,0,0,2,5,8
203,1,4,4,2,0,0
204,0,1,8,9,9,2
205,0,1,3,6,6,1
206,1,3,0,0,1,0
207,6,7,6,0,1,0
208,0,0,0,2,5,9
209,3,3,4,3,0,0
210,0,0,0,2,5,4
211,0,0,8,1,4,0
212,0,3,2,3,9,0
213,2,11,6,0,0,0
214,3,1,4,1,0,0
215,0,0,0,1,6,12
216,0,1,1,3,3,0
217,1,2,1,4,9,2
218,3,9,4,0,0,0
219,0,0,2,6,6,6
220,0,0,0,8,11,4
221,0,4,5,5,0,2
222,7,3,2,2,0,0
223,4,0,0,1,0,0
224,0,2,6,3,0,0
225,0,2,11,3,1,0
226,0,0,0,1,0,1
227,0,5,8,6,9,0
228,1,1,5,3,2,0
229,1,5,5,8,11,0
230,2,1,8,11,0,0
231,0,0,0,0,4,12
232,0,0,0,3,5,2
233,3,7,6,0,1,0
234,8,13,3,2,0,0
235,0,0,0,8,5,1
236,8,10,8,0,0,0
237,0,1,4,2,3,0
238,1,5,7,1,0,0
239,0,1,0,0,6,12
240,0,0,0,1,0,1
241,0,0,4,11,8,5
242,0,0,5,0,6,3
243,0,0,4,10,8,5
244,0,0,1,0,3,6
245,0,0,0,3,1,6
246,6,11,9,0,1,0
247,0,0,1,2,5,13
248,0,0,0,6,5,16
249,0,3,3,7,2,7
250,7,7,2,3,0,0
251,0,2,4,0,0,0
252,2,2,3,9,0,0
253,8,11,3,1,0,0
254,0,0,0,3,8,14
255,6,3,0,0,0,0
256,0,0,1,6,10,0
257,0,6,11,7,9,1
258,6,1,3,2,0,0
259,0,1,3,2,7,0
260,0,0,1,4,3,0
261,1,5,10,1,0,0
262,0,0,0,3,7,10
263,0,0,0,1,5,9
264,4,2,5,0,0,0
265,0,0,6,11,18,6
266,0,0,7,8,6,1
267,0,5,7,11,5,1
268,1,0,8,4,1,1
269,3,3,8,2,2,1
270,0,0,9,8,2,1
271,0,0,2,1,8,7
272,0,8,15,7,0,1
273,3,12,9,6,0,0
274,4,12,9,0,1,0
275,9,8,8,3,0,0
276,0,0,3,0,14,8
277,0,0,3,3,5,4
278,0,1,2,5,3,3
279,0,1,8,0,3,2
280,0,0,0,4,6,12
281,2,3,7,12,1,0
282,2,2,0,6,5,0
283,3,2,6,6,3,0
284,0,0,0,4,6,5
285,0,0,0,0,8,5
286,0,0,3,5,4,0
287,0,0,1,8,1,4
288,0,2,1,7,4,0
289,0,0,1,0,4,7
290,2,9,5,4,0,0
291,3,0,3,1,0,0
292,0,0,0,7,9,4
293,2,5,5,6,1,0
294,2,1,1,5,5,1
295,0,0,0,0,6,12
296,0,0,0,0,2,22
297,0,0,2,8,7,6
298,0,0,0,1,7,2
299,5,6,2,2,0,0
300,5,2,2,1,2,0
301,0,0,1,0,9,1
302,0,2,6,6,1,0
303,0,1,2,1,7,5
304,0,0,4,5,8,3
305,0,1,1,6,7,4
306,2,1,5,9,2,1
307,0,3,6,5,0,0
308,0,0,0,3,10,10
309,0,0,0,0,6,5
310,1,7,2,1,0,0
311,0,0,5,12,13,5
312,2,4,4,1,0,0
313,0,0,2,1,8,3
314,0,2,3,7,8,2
315,0,0,2,4,15,8
316,0,0,1,4,10,4
317,10,11,0,0,1,0
318,2,5,1,3,2,0
319,0,0,2,3,6,6
320,0,0,0,0,2,5
321,1,4,9,1,0,0
322,7,11,2,0,0,0
323,0,0,2,7,5,1
324,0,0,0,5,4,10
325,17,8,4,0,1,0
326,0,0,2,3,13,11
327,1,4,5,3,3,2
328,2,3,7,3,4,0
329,0,0,3,8,13,3
330,0,0,0,3,4,8
331,0,0,0,1,6,8
332,0,0,0,0,4,9
333,1,2,0,0,0,0
334,0,0,2,2,2,0
335,0,2,3,4,8,7
336,0,0,0,0,0,0
337,1,0,4,6,0,3
338,3,3,6,2,1,0
339,0,2,0,8,3,1
340,0,3,6,2,4,0
341,0,0,0,1,4,10
342,0,0,3,6,9,8
343,0,0,0,1,1,7
344,0,4,5,3,0,0
345,0,2,7,11,4,0
346,8,6,10,3,0,0
347,0,0,6,7,4,1
348,0,0,0,5,10,0
349,0,0,2,5,11,0
350,4,3,6,4,0,0
351,0,0,1,2,8,5
352,4,16,9,6,2,0
353,5,6,5,2,0,0
354,0,1,6,11,0,0
355,0,0,1,1,0,7
356,0,1,0,3,8,6
357,1,6,4,2,0,0
358,0,3,7,5,0,0
359,0,0,2,4,2,16
360,0,1,3,0,6,3
361,0,3,3,10,6,0
362,7,14,9,2,0,0
363,0,5,5,0,6,2
364,7,5,1,5,0,0
365,11,15,1,1,0,0
366,2,7,7,7,0,0
367,0,0,4,11,11,4
368,0,0,1,7,15,9
369,0,1,0,5,1,0
370,2,0,2,3,0,0
371,0,0,0,0,3,12
372,0,2,0,1,5,2
373,0,2,3,5,4,1
374,1,4,8,2,0,0
375,1,1,0,0,2,1
376,0,0,1,0,10,6
377,0,0,0,0,13,13
378,0,3,3,2,1,0
379,0,0,7,12,8,5
380,0,2,6,5,0,0
381,0,0,0,3,3,1
382,0,0,0,3,3,13
383,0,5,3,0,2,1
384,0,0,0,4,8,7
385,0,0,0,0,5,8
386,0,3,5,14,9,2
387,0,0,3,5,2,1
388,0,0,0,6,2,6
389,0,2,1,5,5,4
390,0,1,2,5,10,8
391,0,3,5,5,3,2
392,3,5,2,3,1,2
393,1,5,12,1,0,0
394,0,2,0,6,7,1
395,0,2,5,6,4,0
396,2,6,8,3,1,0
397,0,0,3,5,7,6
398,8,4,5,0,0,0
399,0,0,2,3,4,7
400,0,0,3,5,8,7
401,0,0,4,2,3,0
402,0,0,0,0,8,7
403,0,0,0,10,10,8
404,0,1,2,8,8,7
405,0,0,3,7,5,3
406,5,8,17,5,0,0
407,6,3,2,1,5,1
408,0,3,4,2,1,0
409,14,8,7,4,1,0
410,0,3,0,8,5,0
411,0,3,2,0,5,0
412,0,0,8,9,10,1
413,1,9,4,5,0,0
414,0,0,1,0,7,13
415,0,0,2,3,5,10
416,0,0,0,4,9,10
417,0,1,0,7,0,0
418,0,0,5,10,8,10
419,0,0,0,6,19,6
420,0,0,5,4,5,1
421,1,3,8,5,6,3
422,5,5,8,3,1,0
423,0,1,4,2,5,0
424,1,0,4,7,6,4
425,0,0,1,2,1,1
426,0,0,0,7,10,2
427,0,0,2,1,7,10
428,0,0,1,2,12,5
429,4,8,8,0,1,0
430,1,1,1,5,1,0
431,0,0,5,1,0,0
432,0,2,2,6,6,3
433,0,0,2,8,3,0
434,6,2,3,1,0,0
435,2,5,0,1,0,0
436,0,0,0,0,10,10
437,2,6,6,0,1,0
438,0,0,0,0,10,11
439,0,1,3,8,6,3
440,0,0,0,0,5,7
441,3,6,3,0,1,0
442,0,0,0,0,1,15
443,0,1,1,3,4,1
444,0,1,1,10,10,0
445,0,3,14,7,1,1
446,5,2,13,3,0,0
447,8,4,5,1,0,0
448,0,0,0,7,8,0
449,2,0,4,2,2,1
450,1,2,5,3,2,1
451,0,1,1,3,10,7
452,0,0,3,6,11,3
453,0,0,2,4,3,7
454,0,0,0,3,10,9
455,0,1,2,6,6,0
456,0,2,1,5,3,0
457,0,5,4,3,0,0
458,2,7,4,1,1,0
459,0,0,1,0,4,8
460,0,0,2,0,1,10
461,0,4,1,1,4,2
462,0,0,5,5,8,2
463,0,0,0,2,3,11
464,0,0,0,0,11,10
465,9,13,8,3,0,0
466,0,0,8,3,7,0
467,0,0,2,5,6,3
468,0,0,1,2,14,11
469,0,0,0,0,1,2
470,0,0,0,0,9,12
471,0,0,1,2,2,7
472,12,8,5,3,0,0
473,1,1,6,1,0,0
474,4,10,14,7,3,0
475,0,1,1,7,0,2
476,5,1,10,4,0,0
477,0,0,0,0,9,0
478,0,2,0,11,2,6
479,0,13,0,4,0,0
480,0,7,5,1,0,0
481,0,0,1,5,12,14
482,0,3,8,10,2,1
483,0,1,1,8,10,8
484,0,1,7,8,12,3
485,1,0,1,7,0,0
486,0,5,12,6,0,0
487,1,0,1,5,3,1
488,0,3,6,2,3,0
489,0,4,12,5,1,0
490,7,15,7,0,0,0
491,0,6,7,8,4,0
492,2,2,4,2,0,0
493,0,0,1,4,8,7
494,0,0,0,0,6,3
495,6,5,2,2,0,0
496,0,0,1,0,3,8
497,0,0,0,3,9,8
498,0,7,2,5,1,0
499,0,0,1,10,8,12
500,10,15,10,0,0,0
501,0,0,0,1,7,17
502,0,0,0,3,8,11
503,0,6,3,5,7,1
504,0,0,1,1,9,4
505,4,1,1,1,0,1
506,7,0,1,2,0,0
507,0,0,3,3,9,11
508,0,3,5,6,3,9
509,5,11,4,3,2,0
510,5,6,2,3,1,0
511,14,7,5,1,0,0
512,0,0,0,10,3,1
513,0,0,3,2,6,6
514,0,0,0,5,17,12
515,5,7,1,7,1,0
516,0,1,1,6,1,1
517,0,0,2,0,2,8
518,0,2,0,5,6,4
519,0,7,10,9,2,0
520,0,6,0,0,1,0
521,0,0,1,1,11,6
522,0,0,0,1,11,8
523,0,1,4,3,7,3
524,0,0,0,2,4,21
525,0,0,2,9,8,6
526,0,0,1,0,8,6
527,0,1,6,9,3,1
528,3,7,0,0,0,0
529,1,0,2,9,0,0
530,0,1,6,6,6,2
531,0,0,2,16,4,4
532,0,1,6,16,2,1
533,6,8,10,1,0,0
534,0,0,2,3,4,3
535,6,0,3,6,1,0
536,1,2,9,13,8,2
537,2,4,13,9,10,1
538,0,7,4,1,0,0
539,5,8,3,3,3,0
540,0,0,1,5,4,8
541,3,4,8,9,2,0
542,4,9,6,1,0,0
543,3,6,3,0,0,0
544,1,3,4,4,4,2
545,0,1,0,4,1,15
546,0,0,1,6,13,4
547,0,0,2,5,1,0
548,0,0,0,1,7,4
549,3,4,17,10,0,0
550,0,0,3,7,8,4
551,0,0,3,4,2,3
552,1,3,11,13,1,1
553,0,3,9,3,2,0
554,3,2,2,7,0,0
555,0,1,4,12,0,10
556,0,0,3,2,3,11
557,0,0,2,1,0,0
558,3,3,3,3,0,0
559,4,0,4,0,0,0
560,0,1,0,5,9,6
561,0,1,2,5,6,6
562,0,0,0,3,5,0
563,6,7,5,0,0,0
564,0,0,0,1,2,5
565,0,1,1,5,1,0
566,2,4,9,2,0,1
567,0,1,10,10,3,0
568,0,5,0,0,0,0
569,1,3,11,5,0,0
570,0,0,0,2,8,10
571,0,4,6,3,6,0
572,0,1,7,8,4,1
573,0,0,3,4,19,4
574,0,0,3,8,3,0
575,4,2,14,0,0,1
576,0,0,0,3,11,20
577,5,5,3,3,0,0
578,0,0,12,6,2,0
579,0,0,0,4,10,15
580,0,2,3,0,0,0
581,2,5,4,6,1,0
582,0,0,1,4,16,16
583,5,8,8,2,1,0
584,0,5,4,0,3,1
585,1,1,4,0,6,6
586,0,0,0,0,6,0
587,0,0,1,1,4,2
588,0,0,2,3,4,0
589,2,1,0,2,0,0
590,5,2,0,0,0,0
591,0,0,0,1,4,1
592,0,0,3,1,2,1
593,0,3,8,0,1,0
594,0,4,4,8,0,0
595,0,11,14,14,3,1
596,0,0,0,3,8,13
597,0,0,0,3,6,16
598,0,0,5,9,1,1
599,0,0,7,4,2,1
600,0,0,0,4,0,2
601,2,3,8,3,0,0
602,4,3,9,4,0,0
603,2,5,8,4,2,0
604,0,1,3,0,0,1
605,0,0,0,1,8,6
606,0,1,4,5,2,1
607,1,3,2,0,4,0
608,0,3,0,7,4,0
609,7,3,5,3,0,0
610,1,0,8,1,4,0
611,1,1,0,0,0,0
612,9,8,6,3,0,0
613,1,0,3,0,4,0
614,0,6,6,3,2,0
615,0,0,2,3,7,13
616,12,5,5,0,0,1
617,1,0,8,0,3,0
618,0,0,0,5,7,2
619,0,0,0,1,3,1
620,5,6,5,1,0,0
621,0,1,0,5,3,4
622,2,4,1,1,0,1
623,4,4,0,0,1,0
624,6,7,11,2,0,0
625,11,7,3,2,0,0
626,5,7,5,2,6,0
627,0,10,5,3,4,1
628,0,0,2,8,2,6
629,0,0,0,6,7,5
630,0,0,2,0,2,2
631,4,2,6,4,1,2
632,1,1,8,2,9,0
633,0,0,0,4,2,5
634,0,1,0,9,5,5
635,0,0,0,0,4,7
636,0,0,2,3,2,1
637,1,8,6,8,5,0
638,0,1,0,2,3,5
639,0,3,5,5,0,1
640,2,0,5,5,2,0
641,4,1,7,2,1,0
642,0,0,0,2,8,12
643,0,0,3,3,0,0
644,0,6,1,0,2,0
645,0,0,0,1,1,3
646,2,0,4,6,6,1
647,3,0,7,1,1,3
648,0,0,1,0,7,6
649,0,0,0,1,4,16
650,0,0,0,0,5,17
651,0,2,6,5,0,0
652,3,6,8,3,1,1
653,0,0,0,1,9,15
654,0,0,0,4,9,16
655,0,0,0,2,3,15
656,3,4,7,2,1,0
657,0,0,0,3,5,1
658,6,7,4,0,0,0
659,0,0,3,8,11,10
660,2,8,4,2,4,0
661,7,6,10,1,0,0
662,0,0,0,4,14,11
663,7,4,13,0,0,0
664,1,3,2,3,0,0
665,0,0,0,4,4,1
666,0,0,0,2,2,4
667,3,4,7,2,1,0
668,0,2,2,2,6,1
669,3,1,1,3,1,1
670,2,2,2,3,2,0
671,3,4,1,1,0,0
672,0,0,4,4,15,2
673,0,0,0,3,3,8
674,5,7,9,5,0,0
675,0,0,0,0,3,5
676,0,1,0,1,7,13
677,0,0,2,3,6,1
678,0,1,0,3,1,1
679,0,1,1,10,2,4
680,13,6,6,0,1,0
681,0,3,0,10,6,9
682,0,2,0,2,0,0
683,5,8,0,1,0,0
684,4,14,6,4,3,0
685,3,4,6,1,3,0
686,0,0,1,4,7,7
687,0,0,5,2,9,7
688,1,11,4,0,3,0
689,0,4,11,7,3,3
690,2,3,3,2,0,0
691,0,3,2,4,5,5
692,0,0,0,8,0,7
693,2,10,11,5,0,1
694,0,1,0,3,1,1
695,1,2,4,1,0,0
696,7,4,9,1,0,0
697,0,2,0,1,0,0
698,6,11,2,4,0,0
699,0,0,2,4,4,4
700,0,0,3,2,8,2
701,0,2,3,6,2,0
702,0,0,0,1,5,6
703,0,5,3,0,1,0
704,3,1,6,2,0,0
705,0,2,1,3,6,4
706,0,0,1,0,8,13
707,0,4,7,0,2,0
708,0,0,0,4,1,11
709,1,1,3,3,1,0
710,8,6,4,0,0,0
711,0,3,4,4,1,4
712,1,1,7,10,1,0
713,0,0,0,1,7,13
714,1,5,14,2,0,0
715,0,0,0,8,4,7
716,1,0,0,7,4,12
717,0,0,5,5,5,14
718,0,0,4,10,3,9
719,0,0,3,3,8,0
720,1,1,4,8,2,0
721,0,1,0,3,9,15
722,0,0,2,1,0,1
723,2,1,9,2,1,0
724,1,2,1,0,1,0
725,3,3,6,3,4,2
726,0,0,3,11,7,4
727,1,4,3,0,0,0
728,0,0,0,0,0,5
729,0,0,1,3,6,0
730,0,5,3,2,0,0
731,0,1,0,3,3,2
732,0,0,2,1,11,15
733,1,3,6,0,3,1
734,0,0,8,7,1,0
735,0,0,2,3,13,1
736,0,0,0,0,5,15
737,2,3,3,5,2,0
738,0,0,2,5,11,6
739,0,0,1,1,7,4
740,0,0,1,2,6,15
741,1,8,3,3,2,1
742,1,5,2,2,0,0
743,3,5,2,0,0,0
744,3,7,4,9,3,0
745,0,0,0,0,3,10
746,0,0,0,4,0,14
747,0,4,6,6,0,0
748,5,9,5,6,1,0
749,0,0,1,1,9,12
750,0,1,6,12,4,0
751,0,0,0,3,2,3
752,0,0,2,9,7,2
753,0,1,1,3,8,2
754,0,0,0,5,8,3
755,0,0,0,3,3,2
756,0,0,3,0,5,8
757,0,0,0,0,10,8
758,0,5,6,1,0,0
759,14,2,5,3,2,0
760,0,2,6,3,0,0
761,0,0,2,7,2,5
762,5,11,6,2,0,0
763,1,4,4,0,1,0
764,0,6,6,2,1,0
765,0,0,0,3,1,0
766,1,0,9,5,4,0
767,0,1,0,0,9,10
768,7,5,4,4,1,0
769,0,0,2,0,12,6
770,0,0,4,8,13,6
771,0,0,2,5,2,0
772,3,3,8,6,0,0
773,0,3,2,6,8,6
774,0,2,1,1,3,1
775,0,0,0,0,5,9
776,6,5,3,0,0,0
777,3,2,3,2,3,3
778,0,3,8,0,6,6
779,0,5,7,16,6,1
780,8,1,4,0,0,0
781,1,6,3,9,2,0
782,1,6,4,1,5,0
783,0,0,1,0,6,4
784,0,0,1,0,1,3
785,7,4,0,0,0,0
786,4,3,4,3,0,0
787,0,0,0,0,9,6
788,0,17,0,0,0,0
789,0,2,2,7,6,2
790,0,2,10,13,10,3
791,0,0,5,6,1,2
792,0,2,6,1,0,1
793,0,7,4,1,2,0
794,11,10,2,4,1,0
795,0,0,2,4,2,0
796,0,3,10,9,3,0
797,13,11,5,0,2,0
798,0,0,0,3,4,10
799,0,0,2,7,3,4
800,0,4,10,9,8,1
801,1,7,4,0,3,0
802,0,5,0,2,2,0
803,4,14,2,0,1,0
804,2,10,9,2,2,0
805,2,5,6,4,2,0
806,0,4,0,1,2,0
807,0,0,4,6,3,17
808,0,0,0,0,13,8
809,0,0,0,3,6,13
810,3,0,6,3,1,0
811,1,11,7,8,0,0
812,6,8,0,4,5,3
813,1,1,1,5,4,2
814,0,0,0,2,10,13
815,0,0,0,5,18,12
816,2,6,1,5,1,0
817,1,3,9,5,2,0
818,0,0,12,2,7,6
819,0,5,5,0,0,0
820,0,0,0,0,6,15
821,8,1,11,0,1,0
822,0,0,0,0,4,2
823,0,4,5,8,0,0
824,2,0,6,3,1,0
825,5,11,4,3,0,0
826,4,11,4,2,0,0
827,4,13,8,0,0,1
828,0,0,12,7,5,0
829,0,0,0,4,11,1
830,0,0,5,9,4,5
831,2,0,4,1,0,0
832,0,0,1,7,3,1
833,11,3,2,0,0,0
834,0,2,1,0,3,3
835,12,13,0,3,0,0
836,1,7,0,0,5,0
837,0,1,3,9,2,0
838,0,0,1,2,0,4
839,0,0,1,6,10,9
840,0,3,9,7,1,1
841,5,8,0,0,1,0
842,0,0,0,0,10,21
843,0,0,5,4,5,0
844,0,0,0,5,9,17
845,0,0,0,2,8,5
846,0,0,0,2,5,5
847,0,0,0,2,1,6
848,0,2,5,10,10,0
849,9,10,7,2,0,0
850,0,0,3,1,7,12
851,2,9,7,1,1,0
852,0,0,4,3,13,6
853,0,0,0,1,11,5
854,0,8,7,4,1,2
855,0,0,0,3,4,3
856,0,0,0,3,3,2
857,0,1,1,3,5,0
858,0,1,5,0,0,0
859,0,0,1,3,7,3
860,0,0,1,1,4,1
861,0,6,1,3,0,0
862,0,3,5,4,2,0
863,3,7,6,4,1,1
864,0,0,0,6,0,6
865,1,3,11,3,2,0
866,0,2,4,5,6,0
867,0,3,8,2,3,1
868,0,0,0,0,10,5
869,0,3,12,6,7,3
870,0,0,1,4,12,17
871,0,0,0,0,9,4
872,0,0,0,0,7,0
873,0,0,4,4,9,11
874,0,0,0,1,4,7
875,0,0,1,4,3,1
876,0,1,5,1,5,1
877,4,6,7,3,0,0
878,0,0,0,5,0,3
879,0,0,2,4,2,8
880,0,1,3,2,0,0
881,0,0,1,0,1,3
882,2,10,7,5,0,0
883,1,3,8,1,0,0
884,0,0,5,3,1,0
885,3,3,8,3,2,1
886,4,2,0,0,0,0
887,0,9,11,4,3,1
888,0,0,2,5,4,4
889,0,0,0,0,4,6
890,0,0,0,4,2,3
891,4,13,8,3,0,0
892,2,8,8,2,1,0
893,3,1,3,8,1,3
894,2,0,11,0,0,0
895,0,0,1,0,6,4
896,0,0,3,2,2,2
897,0,0,1,1,6,1
898,0,7,3,0,5,0
899,0,0,1,4,8,2
900,0,0,1,2,3,5
901,2,9,0,1,0,0
902,9,8,2,1,0,0
903,0,0,1,2,0,9
904,6,1,4,2,1,0
905,0,0,6,4,14,5
906,0,0,0,10,11,7
907,16,10,3,2,0,0
908,1,2,6,4,7,1
909,0,1,1,2,2,5
910,0,0,0,2,4,7
911,0,0,0,0,12,7
912,0,3,4,1,3,1
913,0,0,1,3,10,13
914,0,2,5,9,3,3
915,3,11,3,0,0,0
916,0,5,9,7,2,0
917,0,0,0,3,3,4
918,3,5,12,4,6,2
919,0,0,0,3,7,6
920,0,11,3,0,0,0
921,1,2,3,1,7,2
922,0,0,0,5,4,2
923,11,16,7,3,0,0
924,0,0,2,8,7,6
925,0,3,0,6,2,1
926,0,0,0,0,6,1
927,0,0,4,3,2,0
928,3,2,1,8,1,0
929,0,11,5,0,0,0
930,0,0,1,5,3,1
931,0,1,1,0,0,2
932,0,0,2,7,4,3
933,0,6,6,7,0,0
934,0,0,5,8,9,7
935,3,1,1,2,0,0
936,1,3,1,2,1,0
937,0,0,0,2,6,9
938,11,9,5,4,0,0
939,3,5,3,5,1,0
940,0,1,2,4,6,6
941,4,4,2,4,0,0
942,0,3,3,5,0,1
943,0,0,0,10,12,4
944,0,6,11,3,0,1
945,1,1,0,2,0,3
946,0,0,1,7,2,1
947,0,0,0,8,5,1
948,0,1,2,4,9,7
949,1,10,3,9,0,0
950,0,9,0,7,4,0
951,4,9,5,4,1,0
952,0,0,4,5,11,0
953,0,1,3,0,1,4
954,0,0,3,10,12,1
955,0,0,0,2,2,10
956,0,1,0,4,0,13
957,0,2,5,0,6,4
958,1,0,2,5,4,0
959,0,0,0,4,3,6
960,0,0,0,8,2,4
961,0,2,4,3,2,0
962,2,6,10,4,0,0
963,0,2,0,5,4,1
964,0,1,3,6,3,13
965,0,0,1,6,3,0
966,0,1,6,3,6,1
967,0,0,0,2,10,3
968,0,0,2,6,3,1
969,2,6,3,1,0,0
970,4,5,1,1,0,0
971,0,0,0,0,15,7
972,0,0,0,6,10,15
973,8,4,9,1,1,0
974,0,0,1,0,7,3
975,0,0,0,4,0,2
976,0,5,5,3,0,0
977,5,2,4,0,0,0
978,0,1,4,1,1,0
979,1,2,6,4,4,0
980,0,0,0,0,4,12
981,0,0,0,3,5,8
982,0,1,2,8,12,7
983,0,0,0,0,1,4
984,0,2,6,7,2,0
985,1,7,10,5,3,1
986,0,0,0,3,0,3
987,0,0,0,2,5,10
988,2,7,2,4,1,0
989,2,6,6,0,1,0
990,4,14,8,2,0,0
991,0,0,0,0,11,14
992,0,4,9,2,2,5
993,1,4,5,0,0,0
994,0,6,6,0,1,0
995,7,5,3,4,0,0
996,1,0,6,3,1,0
997,1,2,2,7,4,6
998,0,3,4,2,0,0
999,0,0,0,4,15,17
1000,0,0,3,9,7,3
1001,0,0,4,0,2,3
1002,4,6,6,4,2,0
1003,0,1,4,6,15,5
1004,3,8,1,3,1,0
1005,0,0,2,1,11,15
1006,0,0,2,9,15,13
1007,0,3,1,13,5,4
1008,2,5,3,1,0,0
1009,3,9,4,3,0,0
1010,0,0,4,7,5,0
1011,0,0,1,1,0,6
1012,1,8,0,8,2,1
1013,1,18,9,0,0,0
1014,1,5,5,1,0,0
1015,0,5,8,0,2,1
1016,0,0,2,13,16,6
1017,0,1,2,2,0,0
1018,3,5,6,0,0,0
1019,0,0,0,7,11,15
1020,0,0,2,1,5,1
1021,0,1,3,3,6,6
1022,0,1,0,4,0,3
1023,7,8,6,2,0,0
1024,11,6,11,2,0,0
1025,0,0,11,3,4,0
1026,0,1,3,5,10,5
1027,4,7,10,5,2,0
1028,0,0,0,0,8,19
1029,0,4,3,2,7,1
1030,0,1,0,5,12,14
1031,5,2,1,0,0,1
1032,0,0,0,9,14,4
1033,0,2,8,1,2,2
1034,5,5,1,0,0,1
1035,0,0,1,0,10,3
1036,0,0,4,5,4,3
1037,0,0,1,4,2,5
1038,2,3,3,7,0,0
1039,0,1,2,4,4,1
1040,0,0,2,2,9,4
1041,9,6,3,0,0,0
1042,5,7,2,2,0,0
1043,0,0,0,6,4,7
1044,0,0,0,0,14,9
1045,2,0,4,7,11,2
1046,1,11,5,0,2,0
1047,0,0,1,1,5,10
1048,0,0,0,0,3,4
1049,0,0,2,3,10,13
1050,6,5,0,0,0,0
1051,7,11,5,1,0,0
1052,0,1,0,6,15,10
1053,6,2,9,3,1,0
1054,0,0,1,2,4,11
1055,11,5,4,0,0,0
1056,0,3,4,5,3,1
1057,2,7,3,0,1,0
1058,0,0,3,4,8,3
1059,0,0,2,5,4,6
1060,2,13,3,3,0,0
1061,0,0,0,0,11,20
1062,0,0,0,1,6,6
1063,1,5,5,4,1,0
1064,0,0,1,0,9,8
1065,1,3,11,8,0,0
1066,0,0,0,1,3,5
1067,4,2,4,4,0,0
1068,1,6,1,1,0,0
1069,0,0,1,1,1,12
1070,0,1,4,0,3,0
1071,0,7,8,1,1,0
1072,0,0,5,10,0,0
1073,8,4,1,2,0,0
1074,0,0,0,5,6,4
1075,0,0,1,3,10,17
1076,0,0,0,0,5,10
1077,1,0,3,7,8,6
1078,0,0,0,4,4,12
1079,5,2,5,0,0,0
1080,0,8,5,10,5,1
1081,0,0,0,6,3,11
1082,10,9,2,3,0,0
1083,3,2,7,4,0,0
1084,1,3,9,5,5,0
1085,0,0,0,2,3,16
1086,0,0,7,8,5,3
1087,0,0,2,1,5,3
1088,0,6,2,0,0,0
1089,0,0,0,2,9,12
1090,0,2,2,1,0,1
1091,4,15,15,4,1,0
1092,2,0,6,0,8,2
1093,0,2,10,5,1,0
1094,0,0,3,4,0,0
1095,0,1,2,6,1,2
1096,0,0,4,3,1,0
1097,0,0,0,0,3,5
1098,0,0,0,0,1,12
1099,0,0,0,0,3,10
1100,0,0,0,1,0,7
1101,0,0,0,0,2,7
1102,1,1,1,3,10,2
1103,0,0,0,3,8,15
1104,0,1,15,6,4,2
1105,0,4,9,13,0,0
1106,0,0,0,4,3,3
1107,0,0,3,3,0,0
1108,0,3,10,1,0,1
1109,0,2,9,8,4,0
1110,0,1,0,3,2,2
1111,0,0,0,3,6,17
1112,0,8,1,3,0,0
1113,3,3,5,4,5,0
1114,0,0,9,3,0,0
1115,6,10,7,0,1,0
1116,5,12,7,0,0,0
1117,1,4,1,2,0,1
1118,11,6,6,4,2,0
1119,0,0,0,1,0,10
1120,0,0,0,0,5,4
1121,0,0,2,1,11,7
1122,5,14,5,7,0,0
1123,0,6,0,14,1,4
1124,0,0,0,2,3,13
1125,0,3,4,0,3,8
1126,0,0,1,6,9,4
1127,0,0,0,3,1,6
1128,4,2,0,2,0,0
1129,1,2,4,5,0,0
1130,2,3,6,3,0,0
1131,0,7,7,6,1,0
1132,0,1,0,5,6,5
1133,3,4,4,2,0,0
1134,0,0,2,2,3,0
1135,4,10,1,3,0,0
1136,4,2,0,3,0,0
1137,0,0,3,0,0,12
1138,0,5,6,7,0,2
1139,0,0,0,5,12,5
1140,0,2,0,10,3,5
1141,0,1,1,13,8,7
1142,0,0,0,2,1,3
1143,7,7,5,0,0,0
1144,0,0,1,6,6,3
1145,0,0,0,1,3,4
1146,1,0,9,14,1,0
1147,1,1,2,7,4,4
1148,0,0,0,10,6,7
1149,0,0,4,7,5,7
1150,2,1,3,5,3,3
1151,4,4,4,7,2,0
1152,1,2,11,9,10,1
1153,2,6,10,4,2,0
1154,1,2,1,12,1,2
1155,8,6,2,1,0,0
1156,4,4,3,0,0,0
1157,0,0,1,3,3,4
1158,0,0,1,6,13,8
1159,1,1,13,11,7,3
1160,1,8,0,0,3,0
1161,2,5,3,3,1,0
1162,0,0,1,0,5,7
1163,0,0,0,2,12,13
1164,0,0,0,3,8,11
1165,0,0,2,4,4,6
1166,2,6,9,6,5,3
1167,4,9,3,3,0,0
1168,0,1,1,3,7,6
1169,0,0,3,2,0,0
1170,0,0,1,1,7,7
1171,0,0,8,6,8,8
1172,5,1,0,7,1,0
1173,0,6,10,10,4,0
1174,0,2,0,2,0,2
1175,0,0,6,3,5,4
1176,3,7,9,0,4,0
1177,1,4,5,4,0,0
1178,1,3,1,4,1,0
1179,0,0,2,4,11,4
1180,0,2,0,4,4,0
1181,3,6,8,8,1,2
1182,0,3,7,3,5,0
1183,6,11,5,0,3,0
1184,0,0,0,2,8,7
1185,5,7,3,0,0,0
1186,7,13,9,9,0,1
1187,1,2,11,7,0,1
1188,0,6,2,2,0,0
1189,0,0,3,4,9,1
1190,7,9,4,3,1,0
1191,0,0,4,6,8,0
1192,1,2,3,6,14,8
1193,0,0,4,7,2,0
1194,0,0,6,3,4,7
1195,0,0,8,4,0,0
1196,11,9,4,1,1,0
1197,1,5,8,10,5,0
1198,0,0,1,5,4,1
1199,0,0,0,9,7,5
1200,0,1,2,4,6,1
1201,4,4,8,2,1,0
1202,3,1,10,6,0,0
1203,0,0,4,6,1,0
1204,0,0,11,4,1,0
1205,2,2,3,5,0,0
1206,0,0,0,4,3,0
1207,4,11,7,3,0,1
1208,6,16,7,0,0,0
1209,0,0,2,5,1,0
1210,0,1,7,11,4,2
1211,0,2,12,4,1,0
1212,0,2,9,4,5,0
1213,2,7,0,3,1,0
1214,2,6,7,1,1,0
1215,4,5,1,3,0,0
1216,0,3,2,3,0,0
1217,4,2,0,0,0,0
1218,5,7,11,0,0,0
1219,0,0,0,2,0,17
1220,6,4,0,3,0,0
1221,0,0,1,0,13,9
1222,4,1,0,5,0,0
1223,3,5,14,5,3,0
1224,7,6,5,8,0,0
1225,1,3,9,2,1,1
1226,3,8,6,2,4,1
1227,0,0,13,1,1,0
1228,0,0,0,6,8,4
1229,0,3,10,11,7,1
1230,10,10,5,1,1,0
1231,0,0,0,2,10,12
1232,0,0,0,0,3,0
1233,6,1,7,0,0,0
1234,0,0,0,3,4,7
1235,0,0,2,2,10,2
1236,0,0,2,1,1,0
1237,3,0,10,8,6,0
1238,7,3,10,0,2,0
1239,10,7,6,3,0,0
1240,0,0,2,6,6,2
1241,3,11,10,5,0,0
1242,8,4,2,0,0,1
1243,2,4,8,9,0,1
1244,8,10,10,0,0,0
1245,0,4,0,4,2,0
1246,4,6,6,5,0,0
1247,4,0,8,1,0,0
1248,3,2,3,0,0,0
1249,2,0,4,0,3,2
1250,0,0,3,2,8,5
1251,0,0,0,3,3,14
1252,0,2,0,4,4,3
1253,1,1,4,4,3,0
1254,0,0,0,2,8,2
1255,9,12,0,3,0,0
1256,0,5,1,7,7,1
1257,0,1,0,3,0,0
1258,6,13,6,1,0,0
1259,0,0,2,1,2,5
1260,1,4,4,7,3,0
1261,0,0,0,3,2,1
1262,0,2,0,2,0,0
1263,0,1,2,8,5,3
1264,0,0,6,5,3,2
1265,1,4,1,1,1,0
1266,1,1,0,3,2,1
1267,2,4,4,3,1,0
1268,0,0,1,3,6,5
1269,1,9,9,2,0,0
1270,0,0,1,5,4,0
1271,6,10,3,2,0,0
1272,0,0,1,7,10,9
1273,0,0,0,4,3,2
1274,0,5,7,0,2,0
1275,0,0,0,2,0,6
1276,5,11,3,1,0,0
1277,0,0,3,1,0,2
1278,0,1,4,3,2,3
1279,0,0,1,0,5,10
1280,0,0,2,8,3,6
1281,1,1,4,6,2,0
1282,1,2,10,3,0,0
1283,2,7,4,0,3,0
1284,0,6,9,2,0,0
1285,5,7,3,2,1,0
1286,5,8,4,6,0,1
1287,3,4,0,0,0,0
1288,1,4,7,3,3,0
1289,0,0,0,1,5,7
1290,0,1,4,2,3,1
1291,3,0,1,8,3,0
1292,0,0,0,2,1,1
1293,12,4,3,0,0,0
1294,0,0,5,2,0,0
1295,0,1,4,13,1,12
1296,0,1,0,1,6,0
1297,0,0,0,0,6,7
1298,0,0,0,2,2,0
1299,3,7,2,0,0,0
1300,0,0,1,3,11,11
1301,0,0,0,6,3,2
1302,0,2,2,9,3,2
1303,0,0,0,2,4,8
1304,0,0,0,0,6,12
1305,0,1,0,5,8,2
1306,7,0,8,2,0,0
1307,0,6,3,2,3,0
1308,3,14,4,2,0,0
1309,0,0,0,0,6,9
1310,0,0,3,2,5,8
1311,0,2,0,3,6,6
1312,0,13,8,1,1,0
1313,0,0,0,5,12,11
1314,0,4,0,6,2,0
1315,0,0,1,1,4,11
1316,0,0,6,10,11,2
1317,0,0,0,2,7,13
1318,6,5,5,0,0,0
1319,2,3,1,5,2,0
1320,0,0,3,3,5,0
1321,0,0,1,2,6,2
1322,0,0,2,3,0,0
1323,8,7,8,2,0,0
1324,0,5,2,2,1,0
1325,0,0,0,1,6,9
1326,0,4,6,7,3,0
1327,0,0,4,3,6,0
1328,0,0,0,4,6,13
1329,2,2,5,2,5,0
1330,0,12,8,3,2,0
1331,0,0,0,3,13,12
1332,0,1,3,3,4,0
1333,0,0,1,1,4,6
1334,0,0,0,0,6,6
1335,0,0,0,7,9,10
1336,0,0,1,4,12,4
1337,2,7,4,1,0,0
1338,1,4,5,5,6,2
1339,0,0,0,3,4,1
1340,1,3,3,3,0,0
1341,1,2,2,7,0,0
1342,0,0,2,3,9,9
1343,2,7,6,6,10,0
1344,1,4,9,2,0,0
1345,0,1,2,7,5,5
1346,5,9,0,0,0,0
1347,0,0,1,5,10,8
1348,0,0,3,6,4,3
1349,0,0,3,4,16,14
1350,0,0,1,3,4,8
1351,0,1,0,3,5,0
1352,0,1,3,9,7,2
1353,3,4,5,4,2,0
1354,6,3,6,1,0,0
1355,0,0,2,2,6,4
1356,4,13,4,5,0,0
1357,6,14,8,2,2,0
1358,7,5,9,2,0,0
1359,5,5,6,6,1,0
1360,0,0,2,2,4,12
1361,6,13,6,0,0,0
1362,0,1,0,2,4,1
1363,0,5,0,5,0,0
1364,0,0,4,7,3,7
1365,0,0,0,2,3,11
1366,0,1,1,6,5,0
1367,0,0,0,2,9,10
1368,0,2,3,12,4,6
1369,0,0,0,2,0,0
1370,0,3,2,6,1,1
1371,0,1,1,13,5,7
1372,0,0,0,2,7,8
1373,0,0,2,4,8,19
1374,0,10,1,0,3,0
1375,1,0,0,3,3,0
1376,0,0,0,5,6,14
1377,0,0,0,1,4,16
1378,0,0,1,0,10,3
1379,0,2,1,7,3,1
1380,0,1,14,8,5,2
1381,0,1,1,3,4,0
1382,0,0,1,4,9,5
1383,0,0,0,1,11,11
1384,0,0,2,0,8,0
1385,0,0,0,4,6,13
1386,0,0,1,4,4,6
1387,0,0,0,4,7,7
1388,0,0,1,6,7,0
1389,0,3,0,0,13,0
1390,0,3,4,6,5,1
1391,0,0,0,1,2,10
1392,0,0,0,0,7,5
1393,0,0,2,1,13,3
1394,0,0,2,6,7,9
1395,0,0,0,2,2,10
1396,9,9,4,1,0,0
1397,0,0,3,9,9,6
1398,0,0,0,3,5,9
1399,0,0,0,2,10,12
1400,0,0,2,9,7,4
1401,0,0,0,6,11,3
1402,0,0,0,1,1,1
1403,0,0,0,4,5,1
1404,1,0,2,0,5,0
1405,8,1,3,0,0,0
1406,0,0,3,5,11,1
1407,0,0,3,7,3,3
1408,4,12,5,3,1,1
1409,0,1,4,0,5,0
1410,0,0,4,6,10,4
1411,0,2,0,10,3,0
1412,1,0,3,1,0,1
1413,0,3,2,2,0,0
1414,0,0,0,0,4,1
1415,0,0,0,3,13,6
1416,0,0,1,2,6,14
1417,0,3,5,4,2,0
1418,0,2,7,4,0,1
1419,1,4,2,0,1,0
1420,1,8,8,2,0,0
1421,0,0,1,7,15,5
1422,0,0,1,2,6,3
1423,2,3,0,1,0,0
1424,0,0,0,2,1,10
1425,0,0,2,6,9,15
1426,0,0,0,0,14,13
1427,1,4,4,4,2,1
1428,0,0,2,4,13,5
1429,0,0,1,5,11,12
1430,0,0,2,2,2,4
1431,4,5,2,0,0,0
1432,3,10,2,3,0,0
1433,0,0,0,3,8,13
1434,1,1,4,2,3,0
1435,0,0,1,0,5,0
1436,0,1,2,5,4,1
1437,0,3,5,3,8,1
1438,10,4,3,0,0,0
1439,0,0,1,0,4,5
1440,6,10,7,4,0,0
1441,0,0,0,3,9,12
1442,0,0,0,1,0,7
1443,0,1,5,4,12,6
1444,7,3,3,2,0,0
1445,11,14,7,0,1,0
1446,0,0,1,0,8,5
1447,6,7,8,5,3,0
1448,7,12,6,2,0,1
1449,4,13,3,4,0,0
1450,2,3,15,13,0,0
1451,0,1,2,1,3,4
1452,0,0,1,3,12,2
1453,7,9,8,1,0,0
1454,0,6,11,3,0,0
1455,1,2,3,3,1,3
1456,0,0,0,0,1,18
1457,0,1,0,1,8,4
1458,6,7,4,2,1,0
1459,0,0,2,3,0,2
1460,0,0,0,3,7,17
1461,5,14,1,2,0,0
1462,3,4,1,7,0,0
1463,2,5,3,7,1,3
1464,0,0,10,10,0,3
1465,6,10,6,2,1,0
1466,5,3,4,0,0,0
1467,5,10,9,3,0,0
1468,0,1,3,3,5,2
1469,0,0,1,4,1,15
1470,5,5,5,5,0,0
1471,2,10,5,1,0,0
1472,4,5,0,1,0,0
1473,2,1,12,2,3,2
1474,1,4,5,7,2,0
1475,5,10,3,0,0,0
1476,2,1,8,2,0,1
1477,2,11,8,0,3,0
1478,0,3,5,8,3,2
1479,0,4,6,9,4,0
1480,0,0,1,0,6,3
1481,0,0,2,8,11,16
1482,1,6,4,5,0,0
1483,0,1,1,0,10,12
1484,1,2,11,2,0,0
1485,5,3,6,2,1,0
1486,0,0,2,12,7,7
1487,0,4,1,4,0,0
1488,0,4,5,0,1,1
1489,0,0,1,5,1,12
1490,8,6,3,0,0,0
1491,0,0,0,5,6,0
1492,0,0,1,5,3,4
1493,0,6,3,0,0,0
1494,2,3,9,0,0,0
1495,3,7,5,0,0,2
1496,0,1,4,3,4,7
1497,0,4,5,13,4,0
1498,0,3,10,10,0,0
1499,0,2,6,6,5,2
1500,0,0,1,1,13,9
1501,0,7,5,1,0,0
1502,0,0,0,0,4,2
1503,0,0,0,3,6,9
1504,0,2,4,7,6,2
1505,0,0,2,11,2,2
1506,0,0,0,0,10,7
1507,0,1,2,6,6,1
1508,0,0,8,5,0,0
1509,0,0,0,0,9,6
1510,0,11,3,0,1,0
1511,0,0,0,4,11,15
1512,0,1,4,9,4,2
1513,2,15,1,5,1,0
1514,2,2,2,1,1,1
1515,2,3,0,4,0,0
1516,1,7,1,1,0,0
1517,0,3,2,3,3,2
1518,5,8,10,13,0,0
1519,2,0,0,3,1,0
1520,1,16,6,4,1,0
1521,4,5,1,0,0,0
1522,0,0,3,1,10,15
1523,0,5,10,11,2,1
1524,0,0,0,1,0,6
1525,0,6,3,8,3,1
1526,0,0,0,4,6,2
1527,0,3,1,2,5,1
1528,2,1,8,9,3,1
1529,0,0,1,4,3,19
1530,2,3,12,1,1,0
1531,0,5,15,1,0,0
1532,0,0,0,1,3,8
1533,7,5,8,0,0,0
1534,0,4,1,8,4,1
1535,3,1,4,4,0,0
1536,2,2,4,1,0,0
1537,0,1,0,2,7,2
1538,10,3,7,1,0,0
1539,0,0,0,1,4,3
1540,0,0,0,4,6,2
1541,8,2,4,2,0,0
1542,0,0,7,2,3,0
1543,0,0,4,1,6,2
1544,0,0,0,3,3,4
1545,0,0,6,12,18,1
1546,0,2,3,8,11,2
1547,0,0,0,3,5,15
1548,0,0,0,2,5,4
1549,1,0,3,3,0,0
1550,0,2,1,8,7,0
1551,0,0,1,3,10,7
1552,0,0,0,0,4,11
1553,3,19,11,7,0,0
1554,0,0,0,4,5,13
1555,0,0,1,1,6,1
1556,0,0,1,4,4,1
1557,5,5,11,0,0,0
1558,1,0,0,4,4,3
1559,0,0,1,1,6,7
1560,0,1,10,8,4,3
1561,2,5,6,3,0,0
1562,3,5,5,3,1,0
1563,7,3,3,1,0,0
1564,2,2,8,2,1,0
1565,2,9,8,10,2,3
1566,0,0,1,10,6,4
1567,0,1,4,5,4,2
1568,0,3,0,4,5,3
1569,0,0,4,2,0,4
1570,4,6,2,2,0,0
1571,0,0,0,1,9,19
1572,7,1,1,1,0,0
1573,0,1,12,8,1,0
1574,0,0,0,11,6,13
1575,0,0,1,2,6,5
1576,0,1,0,3,9,5
1577,1,1,5,4,1,0
1578,0,0,0,7,2,10
1579,0,0,0,0,6,15
1580,0,1,6,0,4,1
1581,0,0,0,0,2,12
1582,2,4,9,4,3,1
1583,3,7,11,5,0,0
1584,0,0,0,5,0,3
1585,2,17,9,5,1,0
1586,0,3,2,3,1,0
1587,0,1,5,5,7,3
1588,1,3,1,3,5,1
1589,2,8,6,1,1,0
1590,6,5,12,7,0,0
1591,0,4,1,9,5,1
1592,0,3,5,1,3,5
1593,0,0,0,1,3,0
1594,0,0,0,0,4,7
1595,2,5,12,3,0,0
1596,0,0,0,1,8,14
1597,0,0,1,1,5,11
1598,0,1,0,5,0,0
1599,0,2,3,2,3,1
1600,4,1,9,2,1,0
1601,0,0,2,0,3,0
1602,0,0,0,3,2,15
1603,0,3,3,5,0,0
1604,0,4,5,2,0,0
1605,0,0,3,0,5,4
1606,0,0,0,7,13,2
1607,0,3,1,0,1,0
1608,5,5,6,1,0,0
1609,3,8,4,2,0,0
1610,0,0,2,2,2,4
1611,0,2,9,9,12,9
1612,0,0,0,3,8,4
1613,0,0,0,3,3,11
1614,0,0,0,4,7,13
1615,0,0,5,5,11,5
1616,0,0,0,0,5,12
1617,1,2,10,11,7,2
1618,0,0,0,2,4,12
1619,0,0,0,4,9,9
1620,0,0,6,9,1,1
1621,0,1,2,6,3,4
1622,0,0,1,5,3,1
1623,0,0,4,8,3,6
1624,0,0,3,3,6,1
1625,0,0,1,5,0,1
1626,0,1,2,3,4,10
1627,0,0,0,0,2,6
1628,0,0,2,4,4,10
1629,0,0,0,2,8,5
1630,8,3,8,0,1,0
1631,0,0,0,4,3,11
1632,0,1,0,4,1,4
1633,0,1,0,1,8,7
1634,5,1,4,2,1,0
1635,2,4,5,1,2,1
1636,0,0,0,1,3,5
1637,0,0,1,4,2,3
1638,0,1,3,3,5,3
1639,0,3,2,13,6,6
1640,0,7,7,8,4,3
1641,0,0,5,7,3,3
1642,2,1,11,11,4,0
1643,3,5,10,2,0,0
1644,5,9,3,1,0,0
1645,0,0,0,2,3,0
1646,2,0,9,0,0,0
1647,0,0,2,1,1,4
1648,0,1,10,7,9,0
1649,2,11,6,6,0,0
1650,5,5,2,0,0,0
1651,0,2,3,2,0,1
1652,3,3,6,7,1,6
1653,0,0,3,0,5,2
1654,3,10,4,1,0,0
1655,0,1,1,3,5,3
1656,1,4,11,4,6,2
1657,0,0,2,4,3,2
1658,0,0,1,9,8,1
1659,3,4,3,5,4,0
1660,0,0,0,4,8,16
1661,5,4,9,3,0,0
1662,0,0,2,6,6,12
1663,0,0,0,2,13,18
1664,5,6,0,5,1,0
1665,0,0,2,5,2,7
1666,0,5,6,13,6,5
1667,0,0,0,1,6,3
1668,6,10,4,0,0,0
1669,0,1,0,0,0,1
1670,0,5,4,7,4,3
1671,2,2,3,0,3,0
1672,0,4,6,0,3,0
1673,1,8,7,3,4,0
1674,4,6,5,0,1,1
1675,1,6,1,0,0,0
1676,0,6,1,0,2,0
1677,0,0,0,0,3,0
1678,0,0,2,2,2,2
1679,1,0,1,3,0,0
1680,7,6,7,1,0,0
1681,0,0,3,3,11,5
1682,0,0,3,2,7,5
1683,3,3,10,6,0,0
1684,0,3,9,6,6,13
1685,0,0,1,1,6,5
1686,2,4,2,7,9,3
1687,10,0,8,3,3,0
1688,0,0,4,4,5,0
1689,0,6,5,4,1,1
1690,0,0,1,5,0,4
1691,0,2,2,4,4,7
1692,0,0,0,0,6,11
1693,0,0,0,3,7,3
1694,0,2,1,0,3,1
1695,2,7,8,3,3,0
1696,1,8,3,3,0,0
1697,1,4,0,0,0,0
1698,2,4,6,6,0,0
1699,0,2,0,8,9,4
1700,2,2,5,0,0,1
1701,12,5,0,4,0,0
1702,0,0,4,1,3,7
1703,5,3,7,1,0,0
1704,1,5,12,1,0,0
1705,3,2,5,9,0,3
1706,0,0,0,10,2,1
1707,0,0,1,5,8,6
1708,8,10,1,0,0,0
1709,1,9,5,1,1,0
1710,0,0,2,9,13,2
1711,1,1,4,4,0,2
1712,0,1,3,4,5,1
1713,1,0,11,4,0,0
1714,0,0,9,6,3,0
1715,0,0,0,3,3,4
1716,4,10,11,5,1,0
1717,0,0,0,0,3,7
1718,0,0,0,0,6,12
1719,0,4,1,5,10,4
1720,2,2,0,4,0,0
1721,0,2,1,4,0,0
1722,0,0,0,2,3,8
1723,0,0,0,5,7,8
1724,2,4,0,4,1,0
1725,0,0,0,4,5,3
1726,0,0,0,3,4,2
1727,0,0,0,8,8,11
1728,4,0,8,7,3,2
1729,0,0,1,4,14,6
1730,0,0,0,0,3,10
1731,0,1,3,1,12,0
1732,0,0,1,0,1,16
1733,12,4,3,2,0,0
1734,5,9,3,1,2,0
1735,2,5,1,2,0,1
1736,0,7,6,2,1,1
1737,3,3,5,8,3,0
1738,0,0,1,2,1,10
1739,0,0,2,10,0,0
1740,1,0,1,5,9,1
1741,0,0,0,12,10,3
1742,0,6,11,2,2,0
1743,1,0,3,7,2,1
1744,0,3,3,0,0,0
1745,0,1,1,17,8,1
1746,2,1,3,10,1,0
1747,0,1,4,6,0,0
1748,0,1,9,3,0,0
1749,0,4,5,12,1,0
1750,0,5,8,3,5,2
1751,1,1,0,4,2,0
1752,6,0,2,0,0,0
1753,1,1,5,7,3,2
1754,2,1,7,5,1,0
1755,7,8,11,3,2,0
1756,1,9,14,5,1,0
1757,0,0,0,1,8,10
1758,4,8,4,2,0,0
1759,0,0,2,5,6,7
1760,3,5,4,0,1,0
1761,0,0,2,7,5,1
1762,0,1,2,8,7,5
1763,4,5,3,0,0,0
1764,0,0,0,2,7,17
1765,4,8,3,4,0,0
1766,3,0,0,8,2,0
1767,4,6,6,1,0,0
1768,3,0,8,5,4,0
1769,6,10,1,1,1,0
1770,0,1,0,6,4,0
1771,0,7,14,11,1,0
1772,1,0,10,4,0,0
1773,0,0,1,15,7,9
1774,0,0,0,0,6,18
1775,0,1,5,7,5,6
1776,0,1,8,2,2,0
1777,2,1,4,4,0,0
1778,2,6,4,2,0,0
1779,4,1,0,1,1,0
1780,2,8,1,11,0,1
1781,0,3,4,0,3,0
1782,0,4,5,17,11,5
1783,0,0,3,9,3,6
1784,0,1,1,9,9,4
1785,3,7,5,0,3,0
1786,0,1,0,1,13,9
1787,0,0,0,3,8,10
1788,1,8,6,0,4,0
1789,4,5,0,2,0,0
1790,0,0,1,3,9,2
1791,1,0,5,1,0,0
1792,0,0,0,7,4,5
1793,0,3,1,2,7,3
1794,4,1,1,4,0,0
1795,0,0,2,5,5,0
1796,0,0,1,2,3,10
1797,0,0,0,2,4,7
1798,0,0,0,2,3,11
1799,0,0,1,4,7,6
1800,0,0,2,0,1,5
1801,0,0,8,13,7,4
1802,0,1,3,9,7,1
1803,7,7,0,2,0,0
1804,1,0,4,2,0,0
1805,1,0,0,4,7,3
1806,7,3,4,1,0,0
1807,0,0,1,2,5,7
1808,0,3,2,2,1,6
1809,3,3,1,0,0,0
1810,0,0,0,0,2,3
1811,0,1,3,9,0,2
1812,1,2,6,2,6,0
1813,0,0,1,5,5,5
1814,0,5,4,2,1,1
1815,0,0,1,0,3,0
1816,4,7,9,0,1,0
1817,0,4,3,3,0,0
1818,0,0,0,5,9,11
1819,1,5,2,5,3,0
1820,0,0,4,8,3,0
1821,0,4,0,3,3,3
1822,0,2,2,2,4,0
1823,3,6,1,3,0,0
1824,1,8,4,1,0,0
1825,3,7,11,6,2,0
1826,1,4,9,6,0,0
1827,0,0,4,6,1,3
1828,0,2,8,8,9,3
1829,1,1,4,4,2,0
1830,1,1,7,5,0,0
1831,0,0,3,10,6,1
1832,0,2,5,9,2,0
1833,0,0,0,5,5,6
1834,0,0,0,1,9,6
1835,18,8,0,0,0,0
1836,10,7,5,1,0,0
1837,1,0,5,3,1,0
1838,0,3,9,6,2,0
1839,0,1,1,16,6,3
1840,0,0,0,7,4,1
1841,0,0,0,1,4,8
1842,4,7,5,4,4,0
1843,1,8,8,8,0,0
1844,1,0,2,6,11,3
1845,2,8,10,4,0,0
1846,0,0,1,0,3,8
1847,3,5,5,3,0,0
1848,1,5,0,4,3,2
1849,0,0,1,10,9,0
1850,0,1,4,7,5,5
1851,2,1,0,3,0,0
1852,0,0,0,7,6,8
1853,0,0,1,5,10,10
1854,6,8,6,1,3,1
1855,0,10,18,9,0,3
1856,0,2,0,4,1,2
1857,0,0,0,3,6,6
1858,1,0,9,4,4,0
1859,0,2,0,12,9,1
1860,0,9,9,1,0,0
1861,0,2,0,8,1,0
1862,0,0,1,0,1,12
1863,1,3,5,1,0,0
1864,5,2,5,0,1,0
1865,0,0,0,1,7,17
1866,0,1,0,6,1,11
1867,0,0,1,1,2,3
1868,1,0,5,6,2,0
1869,0,0,0,3,0,2
1870,0,0,1,9,2,6
1871,8,11,7,1,0,0
1872,0,3,2,3,3,0
1873,0,7,2,1,1,0
1874,0,0,0,0,4,15
1875,0,5,14,6,2,0
1876,0,2,5,2,1,1
1877,7,8,6,1,0,0
1878,0,0,1,0,0,15
1879,1,0,3,1,0,6
1880,5,9,3,0,0,0
1881,8,12,6,2,0,0
1882,0,2,3,9,8,12
1883,1,1,11,4,0,0
1884,6,4,3,2,0,0
1885,0,0,0,2,2,6
1886,0,0,1,6,7,10
1887,1,2,1,0,1,0
1888,0,0,0,3,2,8
1889,1,0,9,9,1,0
1890,0,6,4,9,3,1
1891,0,0,0,0,6,13
1892,0,0,4,5,4,1
1893,0,0,10,15,0,1
1894,2,7,2,2,0,0
1895,0,0,0,2,4,16
1896,1,1,1,3,2,2
1897,8,5,6,1,0,0
1898,0,0,6,0,3,0
1899,1,2,9,8,5,3
1900,0,0,0,1,6,19
1901,0,0,1,2,5,13
1902,7,1,2,0,0,0
1903,0,2,1,1,7,7
1904,0,0,0,1,2,5
1905,5,5,1,0,0,0
1906,0,0,1,0,2,1
1907,0,0,4,1,13,9
1908,0,0,0,4,5,2
1909,0,0,0,0,7,11
1910,3,0,1,3,0,3
1911,0,4,9,0,1,0
1912,2,7,9,10,1,0
1913,2,10,2,4,2,0
1914,2,4,9,13,3,0
1915,1,5,4,17,5,0
1916,2,8,1,1,2,0
1917,0,2,15,5,4,2
1918,0,3,6,3,7,0
1919,3,2,14,0,0,0
1920,0,0,1,7,8,3
1921,4,8,9,2,0,0
1922,0,1,3,5,4,0
1923,0,2,1,10,10,1
1924,6,5,1,2,0,0
1925,0,0,0,1,16,5
1926,0,0,2,0,3,1
1927,2,0,2,14,3,2
1928,6,3,4,2,0,0
1929,1,0,1,7,5,5
1930,0,4,3,1,1,0
1931,6,0,5,2,1,0
1932,0,2,6,5,0,0
1933,2,0,7,3,2,1
1934,0,2,3,4,8,0
1935,1,0,5,5,0,1
1936,0,0,0,2,6,12
1937,0,3,3,6,1,1
1938,0,10,4,4,5,0
1939,6,5,1,7,0,0
1940,0,0,0,0,3,4
1941,0,0,0,1,9,3
1942,0,0,0,5,6,9
1943,4,2,5,3,5,0
1944,3,11,3,0,3,0
1945,12,7,1,1,0,0
1946,0,0,0,5,9,3
1947,1,0,2,0,0,0
1948,0,0,0,2,4,1
1949,3,3,1,6,7,4
1950,0,1,0,0,17,1
1951,0,0,1,0,0,4
1952,0,1,4,4,6,1
1953,1,10,5,3,0,0
1954,0,0,1,6,8,10
1955,0,0,3,0,9,1
1956,0,2,5,2,9,4
1957,3,12,3,2,1,0
1958,6,4,4,1,0,0
1959,0,0,0,0,6,7
1960,0,0,4,3,8,2
1961,2,6,1,1,0,0
1962,0,0,0,0,6,10
1963,0,0,0,14,9,8
1964,0,0,6,11,8,0
1965,1,5,11,4,0,0
1966,0,0,2,8,11,5
1967,5,3,0,1,0,0
1968,0,0,0,2,3,12
1969,2,7,8,3,0,0
1970,0,0,2,5,0,0
1971,2,0,1,2,0,0
1972,1,5,0,0,1,1
1973,0,0,2,2,3,2
1974,1,4,3,0,0,0
1975,2,6,4,0,0,0
1976,0,4,6,0,3,7
1977,0,0,0,0,5,11
1978,2,3,18,3,1,0
1979,7,7,18,3,0,0
1980,4,6,2,4,3,0
1981,0,3,2,3,0,0
1982,0,1,0,11,15,10
1983,0,0,0,1,3,16
1984,0,0,3,10,5,1
1985,3,0,1,3,1,1
1986,1,3,9,2,3,0
1987,8,5,2,0,0,0
1988,6,6,9,1,1,0
1989,0,1,4,2,9,1
1990,6,4,0,0,0,0
1991,0,0,0,4,11,7
1992,0,0,1,0,3,4
1993,0,0,2,1,9,8
1994,7,5,0,1,1,0
1995,0,0,0,3,7,4
1996,0,0,0,1,12,7
1997,3,0,13,4,0,0
1998,3,4,4,3,1,0
1999,0,0,2,0,10,3
2000,0,0,1,2,0,0